{
  "parent": "item/generated",
  "textures": {
    "layer0": "minecraft:item/beam"
  },
  "display": {
    "firstperson_righthand": {
      "rotation": [ 0, -90, 25 ],
      "translation": [ 0, 0, 0 ],
      "scale": [ 1.5, 1.5, 1.5 ]
    },
    "firstperson_lefthand": {
      "rotation": [ 0, 90, -25 ],
      "translation": [ 0, 0, 0 ],
      "scale": [ 1.5, 1.5, 1.5 ]
    },
    "thirdperson_righthand": {
      "rotation": [ 0, -90, -35 ],
      "translation": [ 0, 4, 3 ],
      "scale": [ 1.5, 1.5, 1.5 ]
    },
    "thirdperson_lefthand": {
      "rotation": [ 0, 90, 35 ],
      "translation": [ 0, 4, 3 ],
      "scale": [ 1.5, 1.5, 1.5 ]
    }
  }
}