{
  "parent": "item/generated",
  "textures": {
    "layer0": "minecraft:item/flame"
  },
  "display": {
    "firstperson_righthand": {
      "rotation": [ 0, -90, 25 ],
      "translation": [ -2, 6, 0 ],
      "scale": [ 1, 1, 1 ]
    },
    "firstperson_lefthand": {
      "rotation": [ 0, 90, -25 ],
      "translation": [ -2, 6, 0 ],
      "scale": [ 1, 1, 1 ]
    },
    "thirdperson_righthand": {
      "rotation": [ 0, -90, -35 ],
      "translation": [ 0, 7, 1 ],
      "scale": [ 1, 1, 1 ]
    },
    "thirdperson_lefthand": {
      "rotation": [ 0, 90, 35 ],
      "translation": [ 0, 7, 1 ],
      "scale": [ 1, 1, 1 ]
    }
  }
}