{
  "parent": "item/generated",
  "textures": {
    "layer0": "minecraft:item/gatling"
  },
  "display": {
    "firstperson_righthand": {
      "rotation": [ 30, -80, 40 ],
      "translation": [ 0, 4, -3 ],
      "scale": [ 1.5, 1.5, 1.5 ]
    },
    "firstperson_lefthand": {
      "rotation": [ 30, 80, -40 ],
      "translation": [ 0, 4, -3 ],
      "scale": [ 1.5, 1.5, 1.5 ]
    },
    "thirdperson_righthand": {
      "rotation": [ 0, -90, -35 ],
      "translation": [ 0, 4, 1 ],
      "scale": [ 1.5, 1.5, 1.5 ]
    },
    "thirdperson_lefthand": {
      "rotation": [ 0, 90, 35 ],
      "translation": [ 0, 4, 1 ],
      "scale": [ 1.5, 1.5, 1.5 ]
    }
  }
}